status,error,run_timestamp_utc,model,batch_size,variant,dtype,steps_per_run,repeat,warmup,probe_repeat,target_timed_seconds,total_time_s,iter_time_ms,probe_iter_ms,gemm_total_ms,gemm_iter_time_ms,gemm_tflops_s_raw,effective_tflops_s,gemm_flops_per_step,attention_flops_per_step,effective_flops_per_step,avg_power_watts,max_power_watts,avg_gpu_clock_mhz,max_gpu_clock_mhz,monitor_sample_count,monitor_csv,timeline_plot,kernel_profile_csv,kernel_profile_error,hidden_size,intermediate_size,num_layers,canonical_num_layers,num_heads,num_kv_heads,head_dim,q_size,kv_size,rope_theta,eps,description
ok,,2026-04-27T14:54:58.232465Z,7B,32,without_norm,bfloat16,1,7297,20,10,3.0,2.774016315001063,0.3801584644375857,0.41114940540865064,2776.5115249976516,0.38050041455360445,34.039412985121295,34.092786867640235,12952010752.0,8650752.0,12960661504.0,227.71730627306272,245.17,1380.9409594095941,1410.0,271,/home/cage/wattserve/results/state_chain_block_sweep/20260427T145456Z/monitor/7B__batch_size=32__without_norm.csv,/home/cage/wattserve/results/state_chain_block_sweep/20260427T145456Z/plots/timeline/7B__batch_size=32.png,/home/cage/wattserve/results/state_chain_block_sweep/20260427T145456Z/kernel_profile/7B__batch_size=32__without_norm.csv,,4096,11008,32,32,32,32,128,4096,4096,10000.0,1e-06,state-chain full block: q/k/v -> RoPE -> causal attention -> o -> optional fused_add_norm_1 -> gate/up -> silu_and_mul -> down -> optional fused_add_norm_2
ok,,2026-04-27T14:55:05.447983Z,7B,32,with_norm,bfloat16,1,6350,20,10,3.0,3.0716735989553854,0.4837281258197457,0.47242320142686367,2641.4550077207386,0.41597716657019507,31.13635024439348,26.793276661422833,12952010752.0,8650752.0,12960661504.0,220.5241137123746,238.81,1410.0,1410.0,299,/home/cage/wattserve/results/state_chain_block_sweep/20260427T145456Z/monitor/7B__batch_size=32__with_norm.csv,/home/cage/wattserve/results/state_chain_block_sweep/20260427T145456Z/plots/timeline/7B__batch_size=32.png,/home/cage/wattserve/results/state_chain_block_sweep/20260427T145456Z/kernel_profile/7B__batch_size=32__with_norm.csv,,4096,11008,32,32,32,32,128,4096,4096,10000.0,1e-06,state-chain full block: q/k/v -> RoPE -> causal attention -> o -> optional fused_add_norm_1 -> gate/up -> silu_and_mul -> down -> optional fused_add_norm_2
ok,,2026-04-27T14:55:13.737627Z,7B,64,without_norm,bfloat16,1,6326,20,10,3.0,2.550706250942312,0.403209966952626,0.4742703982628882,2582.512512564659,0.40823782999757496,63.45326082140373,64.32901552517308,25904021504.0,34078720.0,25938100224.0,244.1521686746988,252.69,1410.0,1410.0,249,/home/cage/wattserve/results/state_chain_block_sweep/20260427T145456Z/monitor/7B__batch_size=64__without_norm.csv,/home/cage/wattserve/results/state_chain_block_sweep/20260427T145456Z/plots/timeline/7B__batch_size=64.png,/home/cage/wattserve/results/state_chain_block_sweep/20260427T145456Z/kernel_profile/7B__batch_size=64__without_norm.csv,,4096,11008,32,32,32,32,128,4096,4096,10000.0,1e-06,state-chain full block: q/k/v -> RoPE -> causal attention -> o -> optional fused_add_norm_1 -> gate/up -> silu_and_mul -> down -> optional fused_add_norm_2
ok,,2026-04-27T14:55:20.258469Z,7B,64,with_norm,bfloat16,1,7336,20,10,3.0,2.9493381889769807,0.4020362853022057,0.4089555935934186,3057.4708160981536,0.41677628354664037,62.15330028754179,64.51681395997043,25904021504.0,34078720.0,25938100224.0,284.7135640138408,294.0,1410.0,1410.0,289,/home/cage/wattserve/results/state_chain_block_sweep/20260427T145456Z/monitor/7B__batch_size=64__with_norm.csv,/home/cage/wattserve/results/state_chain_block_sweep/20260427T145456Z/plots/timeline/7B__batch_size=64.png,/home/cage/wattserve/results/state_chain_block_sweep/20260427T145456Z/kernel_profile/7B__batch_size=64__with_norm.csv,,4096,11008,32,32,32,32,128,4096,4096,10000.0,1e-06,state-chain full block: q/k/v -> RoPE -> causal attention -> o -> optional fused_add_norm_1 -> gate/up -> silu_and_mul -> down -> optional fused_add_norm_2
ok,,2026-04-27T14:55:28.074425Z,7B,128,without_norm,bfloat16,1,6272,20,10,3.0,2.973531782045029,0.4740962662699345,0.47828370006754994,2891.4116478711367,0.4610031326325154,112.38110837155271,109.56278926361598,51808043008.0,135266304.0,51943309312.0,257.173698630137,262.79,1410.0,1410.0,292,/home/cage/wattserve/results/state_chain_block_sweep/20260427T145456Z/monitor/7B__batch_size=128__without_norm.csv,/home/cage/wattserve/results/state_chain_block_sweep/20260427T145456Z/plots/timeline/7B__batch_size=128.png,/home/cage/wattserve/results/state_chain_block_sweep/20260427T145456Z/kernel_profile/7B__batch_size=128__without_norm.csv,,4096,11008,32,32,32,32,128,4096,4096,10000.0,1e-06,state-chain full block: q/k/v -> RoPE -> causal attention -> o -> optional fused_add_norm_1 -> gate/up -> silu_and_mul -> down -> optional fused_add_norm_2
ok,,2026-04-27T14:55:35.068272Z,7B,128,with_norm,bfloat16,1,6121,20,10,3.0,3.208927945001051,0.524248969939724,0.4901274922303855,2929.256224691868,0.47855844219765853,108.25854992774691,99.08137600722846,51808043008.0,135266304.0,51943309312.0,297.1776996805112,327.56,1410.0,1410.0,313,/home/cage/wattserve/results/state_chain_block_sweep/20260427T145456Z/monitor/7B__batch_size=128__with_norm.csv,/home/cage/wattserve/results/state_chain_block_sweep/20260427T145456Z/plots/timeline/7B__batch_size=128.png,/home/cage/wattserve/results/state_chain_block_sweep/20260427T145456Z/kernel_profile/7B__batch_size=128__with_norm.csv,,4096,11008,32,32,32,32,128,4096,4096,10000.0,1e-06,state-chain full block: q/k/v -> RoPE -> causal attention -> o -> optional fused_add_norm_1 -> gate/up -> silu_and_mul -> down -> optional fused_add_norm_2
ok,,2026-04-27T14:55:42.372410Z,7B,256,without_norm,bfloat16,1,4888,20,10,3.0,2.979654437978752,0.6095856051511358,0.6137041025795043,2788.892122991383,0.5705589449655039,181.60452470386676,170.86206301439256,103616086016.0,538968064.0,104155054080.0,293.864897260274,301.8,1410.0,1410.0,292,/home/cage/wattserve/results/state_chain_block_sweep/20260427T145456Z/monitor/7B__batch_size=256__without_norm.csv,/home/cage/wattserve/results/state_chain_block_sweep/20260427T145456Z/plots/timeline/7B__batch_size=256.png,/home/cage/wattserve/results/state_chain_block_sweep/20260427T145456Z/kernel_profile/7B__batch_size=256__without_norm.csv,,4096,11008,32,32,32,32,128,4096,4096,10000.0,1e-06,state-chain full block: q/k/v -> RoPE -> causal attention -> o -> optional fused_add_norm_1 -> gate/up -> silu_and_mul -> down -> optional fused_add_norm_2
ok,,2026-04-27T14:55:48.845757Z,7B,256,with_norm,bfloat16,1,4767,20,10,3.0,2.992716455948539,0.627798711128286,0.6292772013694048,2741.8561568558216,0.5751743563783976,180.147262942009,165.90517347958794,103616086016.0,538968064.0,104155054080.0,389.16809523809525,410.23,1403.9285714285713,1410.0,294,/home/cage/wattserve/results/state_chain_block_sweep/20260427T145456Z/monitor/7B__batch_size=256__with_norm.csv,/home/cage/wattserve/results/state_chain_block_sweep/20260427T145456Z/plots/timeline/7B__batch_size=256.png,/home/cage/wattserve/results/state_chain_block_sweep/20260427T145456Z/kernel_profile/7B__batch_size=256__with_norm.csv,,4096,11008,32,32,32,32,128,4096,4096,10000.0,1e-06,state-chain full block: q/k/v -> RoPE -> causal attention -> o -> optional fused_add_norm_1 -> gate/up -> silu_and_mul -> down -> optional fused_add_norm_2
ok,,2026-04-27T14:55:55.527580Z,7B,512,without_norm,bfloat16,1,2732,20,10,3.0,2.9987143160542473,1.097626030766562,1.0982355917803943,2701.260286472738,0.9887482746971954,209.59042593066968,190.76064535183275,207232172032.0,2151677952.0,209383849984.0,297.1988813559322,307.28,1410.0,1410.0,295,/home/cage/wattserve/results/state_chain_block_sweep/20260427T145456Z/monitor/7B__batch_size=512__without_norm.csv,/home/cage/wattserve/results/state_chain_block_sweep/20260427T145456Z/plots/timeline/7B__batch_size=512.png,/home/cage/wattserve/results/state_chain_block_sweep/20260427T145456Z/kernel_profile/7B__batch_size=512__without_norm.csv,,4096,11008,32,32,32,32,128,4096,4096,10000.0,1e-06,state-chain full block: q/k/v -> RoPE -> causal attention -> o -> optional fused_add_norm_1 -> gate/up -> silu_and_mul -> down -> optional fused_add_norm_2
ok,,2026-04-27T14:56:01.854276Z,7B,512,with_norm,bfloat16,1,2670,20,10,3.0,3.0307270949706435,1.1351037808878814,1.123573596123606,2671.4981167018414,1.0005610923976933,207.11596084093122,184.4622963199183,207232172032.0,2151677952.0,209383849984.0,391.513322147651,418.01,1389.7147651006712,1410.0,298,/home/cage/wattserve/results/state_chain_block_sweep/20260427T145456Z/monitor/7B__batch_size=512__with_norm.csv,/home/cage/wattserve/results/state_chain_block_sweep/20260427T145456Z/plots/timeline/7B__batch_size=512.png,/home/cage/wattserve/results/state_chain_block_sweep/20260427T145456Z/kernel_profile/7B__batch_size=512__with_norm.csv,,4096,11008,32,32,32,32,128,4096,4096,10000.0,1e-06,state-chain full block: q/k/v -> RoPE -> causal attention -> o -> optional fused_add_norm_1 -> gate/up -> silu_and_mul -> down -> optional fused_add_norm_2
ok,,2026-04-27T14:56:08.222928Z,7B,1024,without_norm,bfloat16,1,1322,20,10,3.0,2.996097630006261,2.2663370877505757,2.2691274993121624,2673.9345946013927,2.0226434149783605,204.9122158630389,186.67243701328894,414464344064.0,8598323200.0,423062667264.0,280.3909556313993,282.75,1410.0,1410.0,293,/home/cage/wattserve/results/state_chain_block_sweep/20260427T145456Z/monitor/7B__batch_size=1024__without_norm.csv,/home/cage/wattserve/results/state_chain_block_sweep/20260427T145456Z/plots/timeline/7B__batch_size=1024.png,/home/cage/wattserve/results/state_chain_block_sweep/20260427T145456Z/kernel_profile/7B__batch_size=1024__without_norm.csv,,4096,11008,32,32,32,32,128,4096,4096,10000.0,1e-06,state-chain full block: q/k/v -> RoPE -> causal attention -> o -> optional fused_add_norm_1 -> gate/up -> silu_and_mul -> down -> optional fused_add_norm_2
ok,,2026-04-27T14:56:14.431502Z,7B,1024,with_norm,bfloat16,1,1298,20,10,3.0,2.993776618037373,2.306453480768392,2.3110156995244324,2626.094719439745,2.023185454113825,204.85731706960073,183.4256232746811,414464344064.0,8598323200.0,423062667264.0,390.5469047619048,402.6,1409.4897959183672,1410.0,294,/home/cage/wattserve/results/state_chain_block_sweep/20260427T145456Z/monitor/7B__batch_size=1024__with_norm.csv,/home/cage/wattserve/results/state_chain_block_sweep/20260427T145456Z/plots/timeline/7B__batch_size=1024.png,/home/cage/wattserve/results/state_chain_block_sweep/20260427T145456Z/kernel_profile/7B__batch_size=1024__with_norm.csv,,4096,11008,32,32,32,32,128,4096,4096,10000.0,1e-06,state-chain full block: q/k/v -> RoPE -> causal attention -> o -> optional fused_add_norm_1 -> gate/up -> silu_and_mul -> down -> optional fused_add_norm_2
ok,,2026-04-27T14:56:20.626209Z,7B,2048,without_norm,bfloat16,1,769,20,10,3.0,2.9957851640647277,3.895689420110179,3.899956797249615,2560.7176359295845,3.329931906280344,248.93262428718663,221.6052437998468,828928688128.0,34376515584.0,863305203712.0,304.548843537415,309.0,1410.0,1410.0,294,/home/cage/wattserve/results/state_chain_block_sweep/20260427T145456Z/monitor/7B__batch_size=2048__without_norm.csv,/home/cage/wattserve/results/state_chain_block_sweep/20260427T145456Z/plots/timeline/7B__batch_size=2048.png,/home/cage/wattserve/results/state_chain_block_sweep/20260427T145456Z/kernel_profile/7B__batch_size=2048__without_norm.csv,,4096,11008,32,32,32,32,128,4096,4096,10000.0,1e-06,state-chain full block: q/k/v -> RoPE -> causal attention -> o -> optional fused_add_norm_1 -> gate/up -> silu_and_mul -> down -> optional fused_add_norm_2
ok,,2026-04-27T14:56:26.845882Z,7B,2048,with_norm,bfloat16,1,729,20,10,3.0,2.988331164000556,4.099219703704467,4.114821599796414,2489.7019224762917,3.4152289745902493,242.7154062861782,210.60232583577573,828928688128.0,34376515584.0,863305203712.0,398.497925170068,412.27,1363.5204081632653,1380.0,294,/home/cage/wattserve/results/state_chain_block_sweep/20260427T145456Z/monitor/7B__batch_size=2048__with_norm.csv,/home/cage/wattserve/results/state_chain_block_sweep/20260427T145456Z/plots/timeline/7B__batch_size=2048.png,/home/cage/wattserve/results/state_chain_block_sweep/20260427T145456Z/kernel_profile/7B__batch_size=2048__with_norm.csv,,4096,11008,32,32,32,32,128,4096,4096,10000.0,1e-06,state-chain full block: q/k/v -> RoPE -> causal attention -> o -> optional fused_add_norm_1 -> gate/up -> silu_and_mul -> down -> optional fused_add_norm_2
ok,,2026-04-27T14:56:33.040635Z,7B,4096,without_norm,bfloat16,1,406,20,10,3.0,3.0036559719592333,7.398167418618801,7.3966337949968874,2426.1168635487556,5.975657299381171,277.4351495069312,242.67224335066192,1657857376256.0,137472507904.0,1795329884160.0,320.31616949152544,323.72,1409.949152542373,1410.0,295,/home/cage/wattserve/results/state_chain_block_sweep/20260427T145456Z/monitor/7B__batch_size=4096__without_norm.csv,/home/cage/wattserve/results/state_chain_block_sweep/20260427T145456Z/plots/timeline/7B__batch_size=4096.png,/home/cage/wattserve/results/state_chain_block_sweep/20260427T145456Z/kernel_profile/7B__batch_size=4096__without_norm.csv,,4096,11008,32,32,32,32,128,4096,4096,10000.0,1e-06,state-chain full block: q/k/v -> RoPE -> causal attention -> o -> optional fused_add_norm_1 -> gate/up -> silu_and_mul -> down -> optional fused_add_norm_2
ok,,2026-04-27T14:56:39.338799Z,7B,4096,with_norm,bfloat16,1,376,20,10,3.0,2.9911250710720196,7.955119869872393,7.976311899255961,2355.0764786601067,6.263501273032198,264.6854058119192,225.68231698924717,1657857376256.0,137472507904.0,1795329884160.0,399.0276530612245,418.01,1336.8877551020407,1350.0,294,/home/cage/wattserve/results/state_chain_block_sweep/20260427T145456Z/monitor/7B__batch_size=4096__with_norm.csv,/home/cage/wattserve/results/state_chain_block_sweep/20260427T145456Z/plots/timeline/7B__batch_size=4096.png,/home/cage/wattserve/results/state_chain_block_sweep/20260427T145456Z/kernel_profile/7B__batch_size=4096__with_norm.csv,,4096,11008,32,32,32,32,128,4096,4096,10000.0,1e-06,state-chain full block: q/k/v -> RoPE -> causal attention -> o -> optional fused_add_norm_1 -> gate/up -> silu_and_mul -> down -> optional fused_add_norm_2
ok,,2026-04-27T14:56:45.614212Z,7B,8192,without_norm,bfloat16,1,189,20,10,3.0,3.0011517090024427,15.879109571441496,15.885492600500584,2242.691231608391,11.866091172531169,279.4277158587449,243.43541795417494,3315714752512.0,549822922752.0,3865537675264.0,318.1110508474576,324.38,1410.0,1410.0,295,/home/cage/wattserve/results/state_chain_block_sweep/20260427T145456Z/monitor/7B__batch_size=8192__without_norm.csv,/home/cage/wattserve/results/state_chain_block_sweep/20260427T145456Z/plots/timeline/7B__batch_size=8192.png,/home/cage/wattserve/results/state_chain_block_sweep/20260427T145456Z/kernel_profile/7B__batch_size=8192__without_norm.csv,,4096,11008,32,32,32,32,128,4096,4096,10000.0,1e-06,state-chain full block: q/k/v -> RoPE -> causal attention -> o -> optional fused_add_norm_1 -> gate/up -> silu_and_mul -> down -> optional fused_add_norm_2
ok,,2026-04-27T14:56:52.150373Z,7B,8192,with_norm,bfloat16,1,176,20,10,3.0,3.008679628954269,17.094770619058345,17.08334789145738,2198.43177652359,12.49108963933858,265.4463980523937,226.12398618291203,3315714752512.0,549822922752.0,3865537675264.0,397.91125,409.1,1334.4932432432433,1350.0,296,/home/cage/wattserve/results/state_chain_block_sweep/20260427T145456Z/monitor/7B__batch_size=8192__with_norm.csv,/home/cage/wattserve/results/state_chain_block_sweep/20260427T145456Z/plots/timeline/7B__batch_size=8192.png,/home/cage/wattserve/results/state_chain_block_sweep/20260427T145456Z/kernel_profile/7B__batch_size=8192__with_norm.csv,,4096,11008,32,32,32,32,128,4096,4096,10000.0,1e-06,state-chain full block: q/k/v -> RoPE -> causal attention -> o -> optional fused_add_norm_1 -> gate/up -> silu_and_mul -> down -> optional fused_add_norm_2
ok,,2026-04-27T14:56:58.719022Z,7B,16384,without_norm,bfloat16,1,84,20,10,3.0,2.983395284973085,35.516610535393866,35.56446529692039,1918.5044794082642,22.839339040574572,290.3512003234036,248.6325931778859,6631429505024.0,2199157473280.0,8830586978304.0,312.2207482993197,332.43,1410.0,1410.0,294,/home/cage/wattserve/results/state_chain_block_sweep/20260427T145456Z/monitor/7B__batch_size=16384__without_norm.csv,/home/cage/wattserve/results/state_chain_block_sweep/20260427T145456Z/plots/timeline/7B__batch_size=16384.png,/home/cage/wattserve/results/state_chain_block_sweep/20260427T145456Z/kernel_profile/7B__batch_size=16384__without_norm.csv,,4096,11008,32,32,32,32,128,4096,4096,10000.0,1e-06,state-chain full block: q/k/v -> RoPE -> causal attention -> o -> optional fused_add_norm_1 -> gate/up -> silu_and_mul -> down -> optional fused_add_norm_2
ok,,2026-04-27T14:57:05.833820Z,7B,16384,with_norm,bfloat16,1,78,20,10,3.0,2.9922760180197656,38.36251305153546,38.50485850125551,1886.1008973121643,24.180780734771336,274.2438127933635,230.1879172107719,6631429505024.0,2199157473280.0,8830586978304.0,396.40327645051195,411.94,1328.9590443686006,1335.0,293,/home/cage/wattserve/results/state_chain_block_sweep/20260427T145456Z/monitor/7B__batch_size=16384__with_norm.csv,/home/cage/wattserve/results/state_chain_block_sweep/20260427T145456Z/plots/timeline/7B__batch_size=16384.png,/home/cage/wattserve/results/state_chain_block_sweep/20260427T145456Z/kernel_profile/7B__batch_size=16384__with_norm.csv,,4096,11008,32,32,32,32,128,4096,4096,10000.0,1e-06,state-chain full block: q/k/v -> RoPE -> causal attention -> o -> optional fused_add_norm_1 -> gate/up -> silu_and_mul -> down -> optional fused_add_norm_2
ok,,2026-04-27T14:57:13.027926Z,7B,32768,without_norm,bfloat16,1,33,20,10,3.0,2.9588880400406197,89.66327394062485,89.69699809094891,1503.255969285965,45.553211190483786,291.15091260171477,246.0229199562761,13262859010048.0,8796361457664.0,22059220467712.0,297.053883161512,336.46,1410.0,1410.0,291,/home/cage/wattserve/results/state_chain_block_sweep/20260427T145456Z/monitor/7B__batch_size=32768__without_norm.csv,/home/cage/wattserve/results/state_chain_block_sweep/20260427T145456Z/plots/timeline/7B__batch_size=32768.png,/home/cage/wattserve/results/state_chain_block_sweep/20260427T145456Z/kernel_profile/7B__batch_size=32768__without_norm.csv,,4096,11008,32,32,32,32,128,4096,4096,10000.0,1e-06,state-chain full block: q/k/v -> RoPE -> causal attention -> o -> optional fused_add_norm_1 -> gate/up -> silu_and_mul -> down -> optional fused_add_norm_2
ok,,2026-04-27T14:57:21.766199Z,7B,32768,with_norm,bfloat16,1,31,20,10,3.0,2.9906538269715384,96.47270409585607,96.56937390100211,1491.5892148017883,48.11578112263833,275.64467832795634,228.6576361101455,13262859010048.0,8796361457664.0,22059220467712.0,398.34632653061226,439.56,1329.030612244898,1350.0,294,/home/cage/wattserve/results/state_chain_block_sweep/20260427T145456Z/monitor/7B__batch_size=32768__with_norm.csv,/home/cage/wattserve/results/state_chain_block_sweep/20260427T145456Z/plots/timeline/7B__batch_size=32768.png,/home/cage/wattserve/results/state_chain_block_sweep/20260427T145456Z/kernel_profile/7B__batch_size=32768__with_norm.csv,,4096,11008,32,32,32,32,128,4096,4096,10000.0,1e-06,state-chain full block: q/k/v -> RoPE -> causal attention -> o -> optional fused_add_norm_1 -> gate/up -> silu_and_mul -> down -> optional fused_add_norm_2
ok,,2026-04-27T14:57:30.764151Z,13B,32,without_norm,bfloat16,1,5277,20,10,3.0,2.967783201020211,0.5623996969907544,0.5684969015419483,2941.5202857665718,0.5574228322468394,36.41837073335114,36.11531960041918,20300431360.0,10813440.0,20311244800.0,269.17517123287666,377.65,1407.8938356164383,1410.0,292,/home/cage/wattserve/results/state_chain_block_sweep/20260427T145456Z/monitor/13B__batch_size=32__without_norm.csv,/home/cage/wattserve/results/state_chain_block_sweep/20260427T145456Z/plots/timeline/13B__batch_size=32.png,/home/cage/wattserve/results/state_chain_block_sweep/20260427T145456Z/kernel_profile/13B__batch_size=32__without_norm.csv,,5120,13824,40,40,40,40,128,5120,5120,10000.0,1e-06,state-chain full block: q/k/v -> RoPE -> causal attention -> o -> optional fused_add_norm_1 -> gate/up -> silu_and_mul -> down -> optional fused_add_norm_2
ok,,2026-04-27T14:57:37.282404Z,13B,32,with_norm,bfloat16,1,5184,20,10,3.0,2.9791925529716536,0.5746899214837294,0.5786949070170522,2916.9238701164722,0.5626782156860479,36.0782251632909,35.342963293249696,20300431360.0,10813440.0,20311244800.0,270.80791095890413,279.83,1410.0,1410.0,292,/home/cage/wattserve/results/state_chain_block_sweep/20260427T145456Z/monitor/13B__batch_size=32__with_norm.csv,/home/cage/wattserve/results/state_chain_block_sweep/20260427T145456Z/plots/timeline/13B__batch_size=32.png,/home/cage/wattserve/results/state_chain_block_sweep/20260427T145456Z/kernel_profile/13B__batch_size=32__with_norm.csv,,5120,13824,40,40,40,40,128,5120,5120,10000.0,1e-06,state-chain full block: q/k/v -> RoPE -> causal attention -> o -> optional fused_add_norm_1 -> gate/up -> silu_and_mul -> down -> optional fused_add_norm_2
ok,,2026-04-27T14:57:44.283482Z,13B,64,without_norm,bfloat16,1,5365,20,10,3.0,2.987694107927382,0.5568861338168466,0.5591696011833847,3002.320959508419,0.5596124808030604,72.55174627580958,72.98343171418803,40600862720.0,42598400.0,40643461120.0,269.3178424657534,276.68,1410.0,1410.0,292,/home/cage/wattserve/results/state_chain_block_sweep/20260427T145456Z/monitor/13B__batch_size=64__without_norm.csv,/home/cage/wattserve/results/state_chain_block_sweep/20260427T145456Z/plots/timeline/13B__batch_size=64.png,/home/cage/wattserve/results/state_chain_block_sweep/20260427T145456Z/kernel_profile/13B__batch_size=64__without_norm.csv,,5120,13824,40,40,40,40,128,5120,5120,10000.0,1e-06,state-chain full block: q/k/v -> RoPE -> causal attention -> o -> optional fused_add_norm_1 -> gate/up -> silu_and_mul -> down -> optional fused_add_norm_2
ok,,2026-04-27T14:57:51.447494Z,13B,64,with_norm,bfloat16,1,5235,20,10,3.0,2.9841454080305994,0.5700373272264755,0.5730908014811575,2858.0407029874623,0.5459485583548161,74.36756100675183,71.29964859977034,40600862720.0,42598400.0,40643461120.0,307.6338698630137,317.65,1410.0,1410.0,292,/home/cage/wattserve/results/state_chain_block_sweep/20260427T145456Z/monitor/13B__batch_size=64__with_norm.csv,/home/cage/wattserve/results/state_chain_block_sweep/20260427T145456Z/plots/timeline/13B__batch_size=64.png,/home/cage/wattserve/results/state_chain_block_sweep/20260427T145456Z/kernel_profile/13B__batch_size=64__with_norm.csv,,5120,13824,40,40,40,40,128,5120,5120,10000.0,1e-06,state-chain full block: q/k/v -> RoPE -> causal attention -> o -> optional fused_add_norm_1 -> gate/up -> silu_and_mul -> down -> optional fused_add_norm_2
ok,,2026-04-27T14:57:57.969588Z,13B,128,without_norm,bfloat16,1,4526,20,10,3.0,2.9912320249713957,0.6608996961934148,0.6628134986385703,2927.581695985049,0.6468364330501655,125.53672194544178,123.12126755190172,81201725440.0,169082880.0,81370808320.0,282.98327645051194,286.19,1410.0,1410.0,293,/home/cage/wattserve/results/state_chain_block_sweep/20260427T145456Z/monitor/13B__batch_size=128__without_norm.csv,/home/cage/wattserve/results/state_chain_block_sweep/20260427T145456Z/plots/timeline/13B__batch_size=128.png,/home/cage/wattserve/results/state_chain_block_sweep/20260427T145456Z/kernel_profile/13B__batch_size=128__without_norm.csv,,5120,13824,40,40,40,40,128,5120,5120,10000.0,1e-06,state-chain full block: q/k/v -> RoPE -> causal attention -> o -> optional fused_add_norm_1 -> gate/up -> silu_and_mul -> down -> optional fused_add_norm_2
ok,,2026-04-27T14:58:04.678983Z,13B,128,with_norm,bfloat16,1,4433,20,10,3.0,2.99018183699809,0.6745278224674239,0.6767782964743674,2796.9563509635627,0.6309398490781779,128.69963049352194,120.6337316411137,81201725440.0,169082880.0,81370808320.0,355.0323208191126,365.24,1410.0,1410.0,293,/home/cage/wattserve/results/state_chain_block_sweep/20260427T145456Z/monitor/13B__batch_size=128__with_norm.csv,/home/cage/wattserve/results/state_chain_block_sweep/20260427T145456Z/plots/timeline/13B__batch_size=128.png,/home/cage/wattserve/results/state_chain_block_sweep/20260427T145456Z/kernel_profile/13B__batch_size=128__with_norm.csv,,5120,13824,40,40,40,40,128,5120,5120,10000.0,1e-06,state-chain full block: q/k/v -> RoPE -> causal attention -> o -> optional fused_add_norm_1 -> gate/up -> silu_and_mul -> down -> optional fused_add_norm_2
ok,,2026-04-27T14:58:11.106163Z,13B,256,without_norm,bfloat16,1,3699,20,10,3.0,2.9840043680742383,0.8067056956134734,0.8110152091830969,2797.2045064494014,0.7562055978506086,214.76097418692135,202.15198906707252,162403450880.0,673710080.0,163077160960.0,338.1482935153584,351.18,1410.0,1410.0,293,/home/cage/wattserve/results/state_chain_block_sweep/20260427T145456Z/monitor/13B__batch_size=256__without_norm.csv,/home/cage/wattserve/results/state_chain_block_sweep/20260427T145456Z/plots/timeline/13B__batch_size=256.png,/home/cage/wattserve/results/state_chain_block_sweep/20260427T145456Z/kernel_profile/13B__batch_size=256__without_norm.csv,,5120,13824,40,40,40,40,128,5120,5120,10000.0,1e-06,state-chain full block: q/k/v -> RoPE -> causal attention -> o -> optional fused_add_norm_1 -> gate/up -> silu_and_mul -> down -> optional fused_add_norm_2
ok,,2026-04-27T14:58:17.471228Z,13B,256,with_norm,bfloat16,1,3615,20,10,3.0,3.099896948086098,0.8575095292077726,0.8298137108795345,2815.032030656934,0.7787087221734257,208.55481164603066,190.17533380726638,162403450880.0,673710080.0,163077160960.0,398.5297689768977,405.44,1349.6039603960396,1410.0,303,/home/cage/wattserve/results/state_chain_block_sweep/20260427T145456Z/monitor/13B__batch_size=256__with_norm.csv,/home/cage/wattserve/results/state_chain_block_sweep/20260427T145456Z/plots/timeline/13B__batch_size=256.png,/home/cage/wattserve/results/state_chain_block_sweep/20260427T145456Z/kernel_profile/13B__batch_size=256__with_norm.csv,,5120,13824,40,40,40,40,128,5120,5120,10000.0,1e-06,state-chain full block: q/k/v -> RoPE -> causal attention -> o -> optional fused_add_norm_1 -> gate/up -> silu_and_mul -> down -> optional fused_add_norm_2
ok,,2026-04-27T14:58:24.064442Z,13B,512,without_norm,bfloat16,1,2063,20,10,3.0,2.9807883630273864,1.4448804474199644,1.4538615942001343,2702.969924464822,1.3102132450144555,247.9038454205341,226.6599287053754,324806901760.0,2689597440.0,327496499200.0,328.61204778156997,337.94,1410.0,1410.0,293,/home/cage/wattserve/results/state_chain_block_sweep/20260427T145456Z/monitor/13B__batch_size=512__without_norm.csv,/home/cage/wattserve/results/state_chain_block_sweep/20260427T145456Z/plots/timeline/13B__batch_size=512.png,/home/cage/wattserve/results/state_chain_block_sweep/20260427T145456Z/kernel_profile/13B__batch_size=512__without_norm.csv,,5120,13824,40,40,40,40,128,5120,5120,10000.0,1e-06,state-chain full block: q/k/v -> RoPE -> causal attention -> o -> optional fused_add_norm_1 -> gate/up -> silu_and_mul -> down -> optional fused_add_norm_2
ok,,2026-04-27T14:58:30.369957Z,13B,512,with_norm,bfloat16,1,2018,20,10,3.0,3.107064395910129,1.5396751218583395,1.4863178017549217,2752.836287200451,1.3641408757187565,238.10363543931007,212.70493661333052,324806901760.0,2689597440.0,327496499200.0,390.27963934426225,409.52,1344.1967213114754,1395.0,305,/home/cage/wattserve/results/state_chain_block_sweep/20260427T145456Z/monitor/13B__batch_size=512__with_norm.csv,/home/cage/wattserve/results/state_chain_block_sweep/20260427T145456Z/plots/timeline/13B__batch_size=512.png,/home/cage/wattserve/results/state_chain_block_sweep/20260427T145456Z/kernel_profile/13B__batch_size=512__with_norm.csv,,5120,13824,40,40,40,40,128,5120,5120,10000.0,1e-06,state-chain full block: q/k/v -> RoPE -> causal attention -> o -> optional fused_add_norm_1 -> gate/up -> silu_and_mul -> down -> optional fused_add_norm_2
ok,,2026-04-27T14:58:36.835371Z,13B,1024,without_norm,bfloat16,1,1053,20,10,3.0,2.99712857499253,2.846275949660522,2.850202191621065,2671.5112335681915,2.5370477051929643,256.05107944574155,232.00902484481938,649613803520.0,10747904000.0,660361707520.0,319.00650847457626,328.34,1410.0,1410.0,295,/home/cage/wattserve/results/state_chain_block_sweep/20260427T145456Z/monitor/13B__batch_size=1024__without_norm.csv,/home/cage/wattserve/results/state_chain_block_sweep/20260427T145456Z/plots/timeline/13B__batch_size=1024.png,/home/cage/wattserve/results/state_chain_block_sweep/20260427T145456Z/kernel_profile/13B__batch_size=1024__without_norm.csv,,5120,13824,40,40,40,40,128,5120,5120,10000.0,1e-06,state-chain full block: q/k/v -> RoPE -> causal attention -> o -> optional fused_add_norm_1 -> gate/up -> silu_and_mul -> down -> optional fused_add_norm_2
ok,,2026-04-27T14:58:43.038251Z,13B,1024,with_norm,bfloat16,1,988,20,10,3.0,2.9829843080369756,3.019214886677101,3.036934998817742,2607.104255914688,2.6387694897921943,246.18058001389034,218.71967789837691,649613803520.0,10747904000.0,660361707520.0,399.28341296928323,433.62,1347.0819112627987,1350.0,293,/home/cage/wattserve/results/state_chain_block_sweep/20260427T145456Z/monitor/13B__batch_size=1024__with_norm.csv,/home/cage/wattserve/results/state_chain_block_sweep/20260427T145456Z/plots/timeline/13B__batch_size=1024.png,/home/cage/wattserve/results/state_chain_block_sweep/20260427T145456Z/kernel_profile/13B__batch_size=1024__with_norm.csv,,5120,13824,40,40,40,40,128,5120,5120,10000.0,1e-06,state-chain full block: q/k/v -> RoPE -> causal attention -> o -> optional fused_add_norm_1 -> gate/up -> silu_and_mul -> down -> optional fused_add_norm_2
ok,,2026-04-27T14:58:49.205443Z,13B,2048,without_norm,bfloat16,1,578,20,10,3.0,3.000085768988356,5.190459807938332,5.192550003994256,2596.2014082968235,4.491697938229798,289.25088572452677,258.5894701404355,1299227607040.0,42970644480.0,1342198251520.0,335.30928813559325,338.44,1410.0,1410.0,295,/home/cage/wattserve/results/state_chain_block_sweep/20260427T145456Z/monitor/13B__batch_size=2048__without_norm.csv,/home/cage/wattserve/results/state_chain_block_sweep/20260427T145456Z/plots/timeline/13B__batch_size=2048.png,/home/cage/wattserve/results/state_chain_block_sweep/20260427T145456Z/kernel_profile/13B__batch_size=2048__without_norm.csv,,5120,13824,40,40,40,40,128,5120,5120,10000.0,1e-06,state-chain full block: q/k/v -> RoPE -> causal attention -> o -> optional fused_add_norm_1 -> gate/up -> silu_and_mul -> down -> optional fused_add_norm_2
ok,,2026-04-27T14:58:55.442022Z,13B,2048,with_norm,bfloat16,1,527,20,10,3.0,2.9747622800059617,5.644710208739966,5.697516107466072,2515.677794456482,4.773582152668846,272.17036713479814,237.77983313329577,1299227607040.0,42970644480.0,1342198251520.0,398.4136518771331,406.79,1316.4163822525597,1320.0,293,/home/cage/wattserve/results/state_chain_block_sweep/20260427T145456Z/monitor/13B__batch_size=2048__with_norm.csv,/home/cage/wattserve/results/state_chain_block_sweep/20260427T145456Z/plots/timeline/13B__batch_size=2048.png,/home/cage/wattserve/results/state_chain_block_sweep/20260427T145456Z/kernel_profile/13B__batch_size=2048__with_norm.csv,,5120,13824,40,40,40,40,128,5120,5120,10000.0,1e-06,state-chain full block: q/k/v -> RoPE -> causal attention -> o -> optional fused_add_norm_1 -> gate/up -> silu_and_mul -> down -> optional fused_add_norm_2
ok,,2026-04-27T14:59:01.627486Z,13B,4096,without_norm,bfloat16,1,279,20,10,3.0,2.9923091910313815,10.725122548499575,10.737986897584051,2501.6855035424232,8.96661470803736,289.7922235635748,258.29969181541514,2598455214080.0,171840634880.0,2770295848960.0,329.60216949152544,333.28,1410.0,1410.0,295,/home/cage/wattserve/results/state_chain_block_sweep/20260427T145456Z/monitor/13B__batch_size=4096__without_norm.csv,/home/cage/wattserve/results/state_chain_block_sweep/20260427T145456Z/plots/timeline/13B__batch_size=4096.png,/home/cage/wattserve/results/state_chain_block_sweep/20260427T145456Z/kernel_profile/13B__batch_size=4096__without_norm.csv,,5120,13824,40,40,40,40,128,5120,5120,10000.0,1e-06,state-chain full block: q/k/v -> RoPE -> causal attention -> o -> optional fused_add_norm_1 -> gate/up -> silu_and_mul -> down -> optional fused_add_norm_2
ok,,2026-04-27T14:59:07.995216Z,13B,4096,with_norm,bfloat16,1,256,20,10,3.0,2.9878691809717566,11.671363988170924,11.708404903765768,2445.477087497711,9.552644873037934,272.014216859884,237.3583628929515,2598455214080.0,171840634880.0,2770295848960.0,398.8217006802721,408.94,1317.5,1320.0,294,/home/cage/wattserve/results/state_chain_block_sweep/20260427T145456Z/monitor/13B__batch_size=4096__with_norm.csv,/home/cage/wattserve/results/state_chain_block_sweep/20260427T145456Z/plots/timeline/13B__batch_size=4096.png,/home/cage/wattserve/results/state_chain_block_sweep/20260427T145456Z/kernel_profile/13B__batch_size=4096__with_norm.csv,,5120,13824,40,40,40,40,128,5120,5120,10000.0,1e-06,state-chain full block: q/k/v -> RoPE -> causal attention -> o -> optional fused_add_norm_1 -> gate/up -> silu_and_mul -> down -> optional fused_add_norm_2
ok,,2026-04-27T14:59:14.366735Z,13B,8192,without_norm,bfloat16,1,131,20,10,3.0,2.9919731800910085,22.839489924358844,22.84895300399512,2339.302656531334,17.85727218726209,291.0248762331712,257.63224577639875,5196910428160.0,687278653440.0,5884189081600.0,327.0593898305085,335.01,1410.0,1410.0,295,/home/cage/wattserve/results/state_chain_block_sweep/20260427T145456Z/monitor/13B__batch_size=8192__without_norm.csv,/home/cage/wattserve/results/state_chain_block_sweep/20260427T145456Z/plots/timeline/13B__batch_size=8192.png,/home/cage/wattserve/results/state_chain_block_sweep/20260427T145456Z/kernel_profile/13B__batch_size=8192__without_norm.csv,,5120,13824,40,40,40,40,128,5120,5120,10000.0,1e-06,state-chain full block: q/k/v -> RoPE -> causal attention -> o -> optional fused_add_norm_1 -> gate/up -> silu_and_mul -> down -> optional fused_add_norm_2
ok,,2026-04-27T14:59:21.106976Z,13B,8192,with_norm,bfloat16,1,121,20,10,3.0,3.007210375973955,24.85297831383434,24.809991603251547,2306.986112475395,19.06600092954872,272.5747495430866,236.7599169522706,5196910428160.0,687278653440.0,5884189081600.0,397.35388513513516,405.61,1316.9594594594594,1320.0,296,/home/cage/wattserve/results/state_chain_block_sweep/20260427T145456Z/monitor/13B__batch_size=8192__with_norm.csv,/home/cage/wattserve/results/state_chain_block_sweep/20260427T145456Z/plots/timeline/13B__batch_size=8192.png,/home/cage/wattserve/results/state_chain_block_sweep/20260427T145456Z/kernel_profile/13B__batch_size=8192__with_norm.csv,,5120,13824,40,40,40,40,128,5120,5120,10000.0,1e-06,state-chain full block: q/k/v -> RoPE -> causal attention -> o -> optional fused_add_norm_1 -> gate/up -> silu_and_mul -> down -> optional fused_add_norm_2
ok,,2026-04-27T14:59:27.916074Z,13B,16384,without_norm,bfloat16,1,58,20,10,3.0,2.9818877819925547,51.41185831021646,51.40964179299772,2065.7600626945496,35.61655280507844,291.82557091370114,255.6368925359054,10393820856320.0,2748946841600.0,13142767697920.0,319.7969965870307,338.68,1410.0,1410.0,293,/home/cage/wattserve/results/state_chain_block_sweep/20260427T145456Z/monitor/13B__batch_size=16384__without_norm.csv,/home/cage/wattserve/results/state_chain_block_sweep/20260427T145456Z/plots/timeline/13B__batch_size=16384.png,/home/cage/wattserve/results/state_chain_block_sweep/20260427T145456Z/kernel_profile/13B__batch_size=16384__without_norm.csv,,5120,13824,40,40,40,40,128,5120,5120,10000.0,1e-06,state-chain full block: q/k/v -> RoPE -> causal attention -> o -> optional fused_add_norm_1 -> gate/up -> silu_and_mul -> down -> optional fused_add_norm_2
ok,,2026-04-27T14:59:35.519053Z,13B,16384,with_norm,bfloat16,1,54,20,10,3.0,3.0117896059527993,55.77388159171851,55.81261370098218,2051.9957377910614,37.99992107020484,273.52216961496896,235.6437695000142,10393820856320.0,2748946841600.0,13142767697920.0,398.4675675675675,415.0,1318.4797297297298,1335.0,296,/home/cage/wattserve/results/state_chain_block_sweep/20260427T145456Z/monitor/13B__batch_size=16384__with_norm.csv,/home/cage/wattserve/results/state_chain_block_sweep/20260427T145456Z/plots/timeline/13B__batch_size=16384.png,/home/cage/wattserve/results/state_chain_block_sweep/20260427T145456Z/kernel_profile/13B__batch_size=16384__with_norm.csv,,5120,13824,40,40,40,40,128,5120,5120,10000.0,1e-06,state-chain full block: q/k/v -> RoPE -> causal attention -> o -> optional fused_add_norm_1 -> gate/up -> silu_and_mul -> down -> optional fused_add_norm_2
ok,,2026-04-27T14:59:43.295084Z,13B,32768,without_norm,bfloat16,1,24,20,10,3.0,3.027696718927473,126.15402995531136,126.1706588906236,1706.98130941391,71.12422122557957,292.27232796981116,251.93878900245042,20787641712640.0,10995451822080.0,31783093534720.0,303.6693624161074,344.25,1410.0,1410.0,298,/home/cage/wattserve/results/state_chain_block_sweep/20260427T145456Z/monitor/13B__batch_size=32768__without_norm.csv,/home/cage/wattserve/results/state_chain_block_sweep/20260427T145456Z/plots/timeline/13B__batch_size=32768.png,/home/cage/wattserve/results/state_chain_block_sweep/20260427T145456Z/kernel_profile/13B__batch_size=32768__without_norm.csv,,5120,13824,40,40,40,40,128,5120,5120,10000.0,1e-06,state-chain full block: q/k/v -> RoPE -> causal attention -> o -> optional fused_add_norm_1 -> gate/up -> silu_and_mul -> down -> optional fused_add_norm_2
ok,,2026-04-27T14:59:53.317842Z,13B,32768,with_norm,bfloat16,1,22,20,10,3.0,2.9982985290698707,136.2862967759032,136.43288129242137,1661.5583996772766,75.52538180351257,275.24047169627414,233.20828496045516,20787641712640.0,10995451822080.0,31783093534720.0,394.2846440677966,432.45,1320.5084745762713,1335.0,295,/home/cage/wattserve/results/state_chain_block_sweep/20260427T145456Z/monitor/13B__batch_size=32768__with_norm.csv,/home/cage/wattserve/results/state_chain_block_sweep/20260427T145456Z/plots/timeline/13B__batch_size=32768.png,/home/cage/wattserve/results/state_chain_block_sweep/20260427T145456Z/kernel_profile/13B__batch_size=32768__with_norm.csv,,5120,13824,40,40,40,40,128,5120,5120,10000.0,1e-06,state-chain full block: q/k/v -> RoPE -> causal attention -> o -> optional fused_add_norm_1 -> gate/up -> silu_and_mul -> down -> optional fused_add_norm_2
ok,,2026-04-27T15:00:03.580172Z,34B,32,without_norm,bfloat16,1,2685,20,10,3.0,2.9836614289088175,1.1112333068561704,1.1171991005539894,2954.9617597050965,1.1005444170223824,40.24539996289783,39.87385139611824,44291850240.0,17301504.0,44309151744.0,295.4842662116041,425.25,1409.283276450512,1410.0,293,/home/cage/wattserve/results/state_chain_block_sweep/20260427T145456Z/monitor/34B__batch_size=32__without_norm.csv,/home/cage/wattserve/results/state_chain_block_sweep/20260427T145456Z/plots/timeline/34B__batch_size=32.png,/home/cage/wattserve/results/state_chain_block_sweep/20260427T145456Z/kernel_profile/34B__batch_size=32__without_norm.csv,,8192,22016,24,48,64,8,128,8192,1024,10000.0,1e-06,state-chain full block: q/k/v -> RoPE -> causal attention -> o -> optional fused_add_norm_1 -> gate/up -> silu_and_mul -> down -> optional fused_add_norm_2
ok,,2026-04-27T15:00:09.871998Z,34B,32,with_norm,bfloat16,1,2666,20,10,3.0,2.9947595570702106,1.123315662817033,1.1254327953793108,2935.2885762173682,1.1010084681985628,40.22843740018549,39.444969219855984,44291850240.0,17301504.0,44309151744.0,300.08586440677965,302.93,1410.0,1410.0,295,/home/cage/wattserve/results/state_chain_block_sweep/20260427T145456Z/monitor/34B__batch_size=32__with_norm.csv,/home/cage/wattserve/results/state_chain_block_sweep/20260427T145456Z/plots/timeline/34B__batch_size=32.png,/home/cage/wattserve/results/state_chain_block_sweep/20260427T145456Z/kernel_profile/34B__batch_size=32__with_norm.csv,,8192,22016,24,48,64,8,128,8192,1024,10000.0,1e-06,state-chain full block: q/k/v -> RoPE -> causal attention -> o -> optional fused_add_norm_1 -> gate/up -> silu_and_mul -> down -> optional fused_add_norm_2
ok,,2026-04-27T15:00:16.487871Z,34B,64,without_norm,bfloat16,1,2714,20,10,3.0,2.9924508800031617,1.10259796610286,1.105444401036948,2941.370399663225,1.083776860598093,81.73610611239124,80.40270401852871,88583700480.0,68157440.0,88651857920.0,281.3929931972789,289.1,1410.0,1410.0,294,/home/cage/wattserve/results/state_chain_block_sweep/20260427T145456Z/monitor/34B__batch_size=64__without_norm.csv,/home/cage/wattserve/results/state_chain_block_sweep/20260427T145456Z/plots/timeline/34B__batch_size=64.png,/home/cage/wattserve/results/state_chain_block_sweep/20260427T145456Z/kernel_profile/34B__batch_size=64__without_norm.csv,,8192,22016,24,48,64,8,128,8192,1024,10000.0,1e-06,state-chain full block: q/k/v -> RoPE -> causal attention -> o -> optional fused_add_norm_1 -> gate/up -> silu_and_mul -> down -> optional fused_add_norm_2
ok,,2026-04-27T15:00:22.897743Z,34B,64,with_norm,bfloat16,1,2685,20,10,3.0,2.9981574520934373,1.1166321981726024,1.1171523947268724,2913.9901447873563,1.0852849701256448,81.62252580512983,79.39217413314884,88583700480.0,68157440.0,88651857920.0,317.40074829931973,327.73,1410.0,1410.0,294,/home/cage/wattserve/results/state_chain_block_sweep/20260427T145456Z/monitor/34B__batch_size=64__with_norm.csv,/home/cage/wattserve/results/state_chain_block_sweep/20260427T145456Z/plots/timeline/34B__batch_size=64.png,/home/cage/wattserve/results/state_chain_block_sweep/20260427T145456Z/kernel_profile/34B__batch_size=64__with_norm.csv,,8192,22016,24,48,64,8,128,8192,1024,10000.0,1e-06,state-chain full block: q/k/v -> RoPE -> causal attention -> o -> optional fused_add_norm_1 -> gate/up -> silu_and_mul -> down -> optional fused_add_norm_2
ok,,2026-04-27T15:00:29.200417Z,34B,128,without_norm,bfloat16,1,2472,20,10,3.0,2.985136740957387,1.2075795877659332,1.2137716985307634,2897.8096972387284,1.172253113769712,151.13408433633245,146.93684405204857,177167400960.0,270532608.0,177437933568.0,326.9530272108844,328.93,1410.0,1410.0,294,/home/cage/wattserve/results/state_chain_block_sweep/20260427T145456Z/monitor/34B__batch_size=128__without_norm.csv,/home/cage/wattserve/results/state_chain_block_sweep/20260427T145456Z/plots/timeline/34B__batch_size=128.png,/home/cage/wattserve/results/state_chain_block_sweep/20260427T145456Z/kernel_profile/34B__batch_size=128__without_norm.csv,,8192,22016,24,48,64,8,128,8192,1024,10000.0,1e-06,state-chain full block: q/k/v -> RoPE -> causal attention -> o -> optional fused_add_norm_1 -> gate/up -> silu_and_mul -> down -> optional fused_add_norm_2
ok,,2026-04-27T15:00:35.465270Z,34B,128,with_norm,bfloat16,1,2437,20,10,3.0,2.9909167839214206,1.2272945358725567,1.230804098304361,2869.581663429737,1.177505811830011,150.45989512752953,144.57648786144787,177167400960.0,270532608.0,177437933568.0,387.94880546075086,412.86,1402.320819112628,1410.0,293,/home/cage/wattserve/results/state_chain_block_sweep/20260427T145456Z/monitor/34B__batch_size=128__with_norm.csv,/home/cage/wattserve/results/state_chain_block_sweep/20260427T145456Z/plots/timeline/34B__batch_size=128.png,/home/cage/wattserve/results/state_chain_block_sweep/20260427T145456Z/kernel_profile/34B__batch_size=128__with_norm.csv,,8192,22016,24,48,64,8,128,8192,1024,10000.0,1e-06,state-chain full block: q/k/v -> RoPE -> causal attention -> o -> optional fused_add_norm_1 -> gate/up -> silu_and_mul -> down -> optional fused_add_norm_2
ok,,2026-04-27T15:00:41.766983Z,34B,256,without_norm,bfloat16,1,1800,20,10,3.0,2.99456607690081,1.66364782050045,1.666934508830309,2840.4511682726443,1.5780284268181357,224.54272426160568,213.63460082620526,354334801920.0,1077936128.0,355412738048.0,383.3177288135593,392.49,1410.0,1410.0,295,/home/cage/wattserve/results/state_chain_block_sweep/20260427T145456Z/monitor/34B__batch_size=256__without_norm.csv,/home/cage/wattserve/results/state_chain_block_sweep/20260427T145456Z/plots/timeline/34B__batch_size=256.png,/home/cage/wattserve/results/state_chain_block_sweep/20260427T145456Z/kernel_profile/34B__batch_size=256__without_norm.csv,,8192,22016,24,48,64,8,128,8192,1024,10000.0,1e-06,state-chain full block: q/k/v -> RoPE -> causal attention -> o -> optional fused_add_norm_1 -> gate/up -> silu_and_mul -> down -> optional fused_add_norm_2
ok,,2026-04-27T15:00:48.032300Z,34B,256,with_norm,bfloat16,1,1768,20,10,3.0,3.163415157003328,1.7892619666308416,1.6970413038507104,2939.265889491886,1.6624807067261798,213.13618888111466,198.63650190767638,354334801920.0,1077936128.0,355412738048.0,401.1145659163987,454.67,1319.710610932476,1410.0,311,/home/cage/wattserve/results/state_chain_block_sweep/20260427T145456Z/monitor/34B__batch_size=256__with_norm.csv,/home/cage/wattserve/results/state_chain_block_sweep/20260427T145456Z/plots/timeline/34B__batch_size=256.png,/home/cage/wattserve/results/state_chain_block_sweep/20260427T145456Z/kernel_profile/34B__batch_size=256__with_norm.csv,,8192,22016,24,48,64,8,128,8192,1024,10000.0,1e-06,state-chain full block: q/k/v -> RoPE -> causal attention -> o -> optional fused_add_norm_1 -> gate/up -> silu_and_mul -> down -> optional fused_add_norm_2
ok,,2026-04-27T15:00:54.576435Z,34B,512,without_norm,bfloat16,1,929,20,10,3.0,2.9679356169654056,3.194763850339511,3.230304305907339,2785.59625845775,2.9984889757349302,236.34224090028712,223.16922099523308,708669603840.0,4303355904.0,712972959744.0,368.08342465753424,376.2,1409.6917808219177,1410.0,292,/home/cage/wattserve/results/state_chain_block_sweep/20260427T145456Z/monitor/34B__batch_size=512__without_norm.csv,/home/cage/wattserve/results/state_chain_block_sweep/20260427T145456Z/plots/timeline/34B__batch_size=512.png,/home/cage/wattserve/results/state_chain_block_sweep/20260427T145456Z/kernel_profile/34B__batch_size=512__without_norm.csv,,8192,22016,24,48,64,8,128,8192,1024,10000.0,1e-06,state-chain full block: q/k/v -> RoPE -> causal attention -> o -> optional fused_add_norm_1 -> gate/up -> silu_and_mul -> down -> optional fused_add_norm_2
ok,,2026-04-27T15:01:00.767812Z,34B,512,with_norm,bfloat16,1,869,20,10,3.0,2.975347482948564,3.4238751242215923,3.450511093251407,2738.634848434478,3.1514785367485363,224.86892916337396,208.2356785445241,708669603840.0,4303355904.0,712972959744.0,399.343890784983,425.25,1329.9829351535836,1335.0,293,/home/cage/wattserve/results/state_chain_block_sweep/20260427T145456Z/monitor/34B__batch_size=512__with_norm.csv,/home/cage/wattserve/results/state_chain_block_sweep/20260427T145456Z/plots/timeline/34B__batch_size=512.png,/home/cage/wattserve/results/state_chain_block_sweep/20260427T145456Z/kernel_profile/34B__batch_size=512__with_norm.csv,,8192,22016,24,48,64,8,128,8192,1024,10000.0,1e-06,state-chain full block: q/k/v -> RoPE -> causal attention -> o -> optional fused_add_norm_1 -> gate/up -> silu_and_mul -> down -> optional fused_add_norm_2
ok,,2026-04-27T15:01:06.906221Z,34B,1024,without_norm,bfloat16,1,516,20,10,3.0,2.9539539290126413,5.724716916691166,5.815623793751001,2731.3994256183505,5.293409739570447,267.7554312648042,250.58633902008708,1417339207680.0,17196646400.0,1434535854080.0,376.6849828178694,383.71,1409.7422680412371,1410.0,291,/home/cage/wattserve/results/state_chain_block_sweep/20260427T145456Z/monitor/34B__batch_size=1024__without_norm.csv,/home/cage/wattserve/results/state_chain_block_sweep/20260427T145456Z/plots/timeline/34B__batch_size=1024.png,/home/cage/wattserve/results/state_chain_block_sweep/20260427T145456Z/kernel_profile/34B__batch_size=1024__without_norm.csv,,8192,22016,24,48,64,8,128,8192,1024,10000.0,1e-06,state-chain full block: q/k/v -> RoPE -> causal attention -> o -> optional fused_add_norm_1 -> gate/up -> silu_and_mul -> down -> optional fused_add_norm_2
ok,,2026-04-27T15:01:13.067972Z,34B,1024,with_norm,bfloat16,1,477,20,10,3.0,2.9777677170932293,6.24269961654765,6.292275700252503,2699.0771223828197,5.658442604576142,250.48220981048,229.79415031878943,1417339207680.0,17196646400.0,1434535854080.0,398.44361774744027,411.94,1307.6621160409557,1320.0,293,/home/cage/wattserve/results/state_chain_block_sweep/20260427T145456Z/monitor/34B__batch_size=1024__with_norm.csv,/home/cage/wattserve/results/state_chain_block_sweep/20260427T145456Z/plots/timeline/34B__batch_size=1024.png,/home/cage/wattserve/results/state_chain_block_sweep/20260427T145456Z/kernel_profile/34B__batch_size=1024__with_norm.csv,,8192,22016,24,48,64,8,128,8192,1024,10000.0,1e-06,state-chain full block: q/k/v -> RoPE -> causal attention -> o -> optional fused_add_norm_1 -> gate/up -> silu_and_mul -> down -> optional fused_add_norm_2
ok,,2026-04-27T15:01:19.253984Z,34B,2048,without_norm,bfloat16,1,273,20,10,3.0,2.986213654978201,10.938511556696707,10.99229030078277,2708.4138541072607,9.920929868524764,285.7270893883977,265.4320408657867,2834678415360.0,68753031168.0,2903431446528.0,381.0490136054422,384.65,1410.0,1410.0,294,/home/cage/wattserve/results/state_chain_block_sweep/20260427T145456Z/monitor/34B__batch_size=2048__without_norm.csv,/home/cage/wattserve/results/state_chain_block_sweep/20260427T145456Z/plots/timeline/34B__batch_size=2048.png,/home/cage/wattserve/results/state_chain_block_sweep/20260427T145456Z/kernel_profile/34B__batch_size=2048__without_norm.csv,,8192,22016,24,48,64,8,128,8192,1024,10000.0,1e-06,state-chain full block: q/k/v -> RoPE -> causal attention -> o -> optional fused_add_norm_1 -> gate/up -> silu_and_mul -> down -> optional fused_add_norm_2
ok,,2026-04-27T15:01:25.616090Z,34B,2048,with_norm,bfloat16,1,248,20,10,3.0,2.9994343150174245,12.094493205715422,12.108609010465443,2672.3117124140263,10.775450453282364,263.0682056077307,240.06226611925692,2834678415360.0,68753031168.0,2903431446528.0,396.029693877551,408.51,1290.8163265306123,1305.0,294,/home/cage/wattserve/results/state_chain_block_sweep/20260427T145456Z/monitor/34B__batch_size=2048__with_norm.csv,/home/cage/wattserve/results/state_chain_block_sweep/20260427T145456Z/plots/timeline/34B__batch_size=2048.png,/home/cage/wattserve/results/state_chain_block_sweep/20260427T145456Z/kernel_profile/34B__batch_size=2048__with_norm.csv,,8192,22016,24,48,64,8,128,8192,1024,10000.0,1e-06,state-chain full block: q/k/v -> RoPE -> causal attention -> o -> optional fused_add_norm_1 -> gate/up -> silu_and_mul -> down -> optional fused_add_norm_2
ok,,2026-04-27T15:01:32.012267Z,34B,4096,without_norm,bfloat16,1,133,20,10,3.0,2.999623376992531,22.55355922550775,22.563821903895587,2652.5103316903114,19.94368670443843,284.268245622726,263.5638032601559,5669356830720.0,274945015808.0,5944301846528.0,378.5890847457627,386.02,1410.0,1410.0,295,/home/cage/wattserve/results/state_chain_block_sweep/20260427T145456Z/monitor/34B__batch_size=4096__without_norm.csv,/home/cage/wattserve/results/state_chain_block_sweep/20260427T145456Z/plots/timeline/34B__batch_size=4096.png,/home/cage/wattserve/results/state_chain_block_sweep/20260427T145456Z/kernel_profile/34B__batch_size=4096__without_norm.csv,,8192,22016,24,48,64,8,128,8192,1024,10000.0,1e-06,state-chain full block: q/k/v -> RoPE -> causal attention -> o -> optional fused_add_norm_1 -> gate/up -> silu_and_mul -> down -> optional fused_add_norm_2
ok,,2026-04-27T15:01:38.764943Z,34B,4096,with_norm,bfloat16,1,120,20,10,3.0,2.9893706910079345,24.91142242506612,24.958892003633082,2597.8084783256054,21.648403986046713,261.88336259680545,238.61752031256088,5669356830720.0,274945015808.0,5944301846528.0,396.4751525423729,415.17,1291.4237288135594,1305.0,295,/home/cage/wattserve/results/state_chain_block_sweep/20260427T145456Z/monitor/34B__batch_size=4096__with_norm.csv,/home/cage/wattserve/results/state_chain_block_sweep/20260427T145456Z/plots/timeline/34B__batch_size=4096.png,/home/cage/wattserve/results/state_chain_block_sweep/20260427T145456Z/kernel_profile/34B__batch_size=4096__with_norm.csv,,8192,22016,24,48,64,8,128,8192,1024,10000.0,1e-06,state-chain full block: q/k/v -> RoPE -> causal attention -> o -> optional fused_add_norm_1 -> gate/up -> silu_and_mul -> down -> optional fused_add_norm_2
ok,,2026-04-27T15:01:45.544465Z,34B,8192,without_norm,bfloat16,1,66,20,10,3.0,3.0059116720221937,45.54411624276051,45.559712406247854,2510.8731895685196,38.0435331752806,298.04575745366134,273.1057386347055,11338713661440.0,1099645845504.0,12438359506944.0,385.7052364864865,400.4,1410.0,1410.0,296,/home/cage/wattserve/results/state_chain_block_sweep/20260427T145456Z/monitor/34B__batch_size=8192__without_norm.csv,/home/cage/wattserve/results/state_chain_block_sweep/20260427T145456Z/plots/timeline/34B__batch_size=8192.png,/home/cage/wattserve/results/state_chain_block_sweep/20260427T145456Z/kernel_profile/34B__batch_size=8192__without_norm.csv,,8192,22016,24,48,64,8,128,8192,1024,10000.0,1e-06,state-chain full block: q/k/v -> RoPE -> causal attention -> o -> optional fused_add_norm_1 -> gate/up -> silu_and_mul -> down -> optional fused_add_norm_2
ok,,2026-04-27T15:01:53.023100Z,34B,8192,with_norm,bfloat16,1,59,20,10,3.0,3.0026316669536754,50.892062151757216,50.92236010823399,2467.574620783329,41.82329865734456,271.10997997401665,244.4066713165115,11338713661440.0,1099645845504.0,12438359506944.0,397.604406779661,415.7,1278.0,1290.0,295,/home/cage/wattserve/results/state_chain_block_sweep/20260427T145456Z/monitor/34B__batch_size=8192__with_norm.csv,/home/cage/wattserve/results/state_chain_block_sweep/20260427T145456Z/plots/timeline/34B__batch_size=8192.png,/home/cage/wattserve/results/state_chain_block_sweep/20260427T145456Z/kernel_profile/34B__batch_size=8192__with_norm.csv,,8192,22016,24,48,64,8,128,8192,1024,10000.0,1e-06,state-chain full block: q/k/v -> RoPE -> causal attention -> o -> optional fused_add_norm_1 -> gate/up -> silu_and_mul -> down -> optional fused_add_norm_2
ok,,2026-04-27T15:02:00.633410Z,34B,16384,without_norm,bfloat16,1,30,20,10,3.0,3.003360031056218,100.11200103520726,100.13349849032238,2275.3839414715767,75.84613138238589,298.9925380445506,270.45451084249163,22677427322880.0,4398314946560.0,27075742269440.0,396.91945945945946,400.89,1410.0,1410.0,296,/home/cage/wattserve/results/state_chain_block_sweep/20260427T145456Z/monitor/34B__batch_size=16384__without_norm.csv,/home/cage/wattserve/results/state_chain_block_sweep/20260427T145456Z/plots/timeline/34B__batch_size=16384.png,/home/cage/wattserve/results/state_chain_block_sweep/20260427T145456Z/kernel_profile/34B__batch_size=16384__without_norm.csv,,8192,22016,24,48,64,8,128,8192,1024,10000.0,1e-06,state-chain full block: q/k/v -> RoPE -> causal attention -> o -> optional fused_add_norm_1 -> gate/up -> silu_and_mul -> down -> optional fused_add_norm_2
ok,,2026-04-27T15:02:09.834975Z,34B,16384,with_norm,bfloat16,1,27,20,10,3.0,3.0221004019258544,111.92964451577238,111.91674190340564,2249.1506901979446,83.30187741473868,272.2318875236737,241.89965389932658,22677427322880.0,4398314946560.0,27075742269440.0,397.6088628762542,438.78,1278.160535117057,1305.0,299,/home/cage/wattserve/results/state_chain_block_sweep/20260427T145456Z/monitor/34B__batch_size=16384__with_norm.csv,/home/cage/wattserve/results/state_chain_block_sweep/20260427T145456Z/plots/timeline/34B__batch_size=16384.png,/home/cage/wattserve/results/state_chain_block_sweep/20260427T145456Z/kernel_profile/34B__batch_size=16384__with_norm.csv,,8192,22016,24,48,64,8,128,8192,1024,10000.0,1e-06,state-chain full block: q/k/v -> RoPE -> causal attention -> o -> optional fused_add_norm_1 -> gate/up -> silu_and_mul -> down -> optional fused_add_norm_2
ok,,2026-04-27T15:02:19.369680Z,34B,32768,without_norm,bfloat16,1,13,20,10,3.0,3.0866966990288347,237.43820761760267,237.44456119602546,1969.9140899181366,151.53185307062589,299.30904774602755,265.11140811198294,45354854645760.0,17592722915328.0,62947577561088.0,364.7789144736842,408.67,1410.0,1410.0,304,/home/cage/wattserve/results/state_chain_block_sweep/20260427T145456Z/monitor/34B__batch_size=32768__without_norm.csv,/home/cage/wattserve/results/state_chain_block_sweep/20260427T145456Z/plots/timeline/34B__batch_size=32768.png,/home/cage/wattserve/results/state_chain_block_sweep/20260427T145456Z/kernel_profile/34B__batch_size=32768__without_norm.csv,,8192,22016,24,48,64,8,128,8192,1024,10000.0,1e-06,state-chain full block: q/k/v -> RoPE -> causal attention -> o -> optional fused_add_norm_1 -> gate/up -> silu_and_mul -> down -> optional fused_add_norm_2
ok,,2026-04-27T15:02:33.064346Z,34B,32768,with_norm,bfloat16,1,11,20,10,3.0,2.9016274058958516,263.7843096268956,264.7385915974155,1832.6785271167755,166.6071388287978,272.2263581536308,238.63275890109966,45354854645760.0,17592722915328.0,62947577561088.0,396.0778321678321,441.41,1281.188811188811,1320.0,286,/home/cage/wattserve/results/state_chain_block_sweep/20260427T145456Z/monitor/34B__batch_size=32768__with_norm.csv,/home/cage/wattserve/results/state_chain_block_sweep/20260427T145456Z/plots/timeline/34B__batch_size=32768.png,/home/cage/wattserve/results/state_chain_block_sweep/20260427T145456Z/kernel_profile/34B__batch_size=32768__with_norm.csv,,8192,22016,24,48,64,8,128,8192,1024,10000.0,1e-06,state-chain full block: q/k/v -> RoPE -> causal attention -> o -> optional fused_add_norm_1 -> gate/up -> silu_and_mul -> down -> optional fused_add_norm_2
ok,,2026-04-27T15:02:47.101621Z,70B,32,without_norm,bfloat16,1,2026,20,10,3.0,2.9580192130524665,1.4600292265806845,1.480786909814924,2928.8622078485787,1.445637812363563,37.880050283458004,37.518519171213896,54760833024.0,17301504.0,54778134528.0,274.0349134948097,280.15,1408.0276816608996,1410.0,289,/home/cage/wattserve/results/state_chain_block_sweep/20260427T145456Z/monitor/70B__batch_size=32__without_norm.csv,/home/cage/wattserve/results/state_chain_block_sweep/20260427T145456Z/plots/timeline/70B__batch_size=32.png,/home/cage/wattserve/results/state_chain_block_sweep/20260427T145456Z/kernel_profile/70B__batch_size=32__without_norm.csv,,8192,28672,20,80,64,8,128,8192,1024,10000.0,1e-06,state-chain full block: q/k/v -> RoPE -> causal attention -> o -> optional fused_add_norm_1 -> gate/up -> silu_and_mul -> down -> optional fused_add_norm_2
ok,,2026-04-27T15:02:53.297317Z,70B,32,with_norm,bfloat16,1,1897,20,10,3.0,2.804678683052771,1.4784811191632952,1.5817787032574415,2743.9285753611475,1.4464568135799407,37.85860214413761,37.05027667786529,54760833024.0,17301504.0,54778134528.0,285.78221014492755,287.91,1410.0,1410.0,276,/home/cage/wattserve/results/state_chain_block_sweep/20260427T145456Z/monitor/70B__batch_size=32__with_norm.csv,/home/cage/wattserve/results/state_chain_block_sweep/20260427T145456Z/plots/timeline/70B__batch_size=32.png,/home/cage/wattserve/results/state_chain_block_sweep/20260427T145456Z/kernel_profile/70B__batch_size=32__with_norm.csv,,8192,28672,20,80,64,8,128,8192,1024,10000.0,1e-06,state-chain full block: q/k/v -> RoPE -> causal attention -> o -> optional fused_add_norm_1 -> gate/up -> silu_and_mul -> down -> optional fused_add_norm_2
ok,,2026-04-27T15:02:59.157349Z,70B,64,without_norm,bfloat16,1,2032,20,10,3.0,2.9944494439987466,1.473646379920643,1.476577005814761,2940.212511776015,1.446954976267724,75.6911361060454,74.36643212457896,109521666048.0,68157440.0,109589823488.0,285.83724489795924,289.96,1410.0,1410.0,294,/home/cage/wattserve/results/state_chain_block_sweep/20260427T145456Z/monitor/70B__batch_size=64__without_norm.csv,/home/cage/wattserve/results/state_chain_block_sweep/20260427T145456Z/plots/timeline/70B__batch_size=64.png,/home/cage/wattserve/results/state_chain_block_sweep/20260427T145456Z/kernel_profile/70B__batch_size=64__without_norm.csv,,8192,28672,20,80,64,8,128,8192,1024,10000.0,1e-06,state-chain full block: q/k/v -> RoPE -> causal attention -> o -> optional fused_add_norm_1 -> gate/up -> silu_and_mul -> down -> optional fused_add_norm_2
ok,,2026-04-27T15:03:05.400895Z,70B,64,with_norm,bfloat16,1,2012,20,10,3.0,2.9910285000223666,1.4865946819196654,1.4910635072737932,2914.2748463340104,1.4484467427107408,75.61318122268844,73.71869738326036,109521666048.0,68157440.0,109589823488.0,323.5829152542373,325.76,1410.0,1410.0,295,/home/cage/wattserve/results/state_chain_block_sweep/20260427T145456Z/monitor/70B__batch_size=64__with_norm.csv,/home/cage/wattserve/results/state_chain_block_sweep/20260427T145456Z/plots/timeline/70B__batch_size=64.png,/home/cage/wattserve/results/state_chain_block_sweep/20260427T145456Z/kernel_profile/70B__batch_size=64__with_norm.csv,,8192,28672,20,80,64,8,128,8192,1024,10000.0,1e-06,state-chain full block: q/k/v -> RoPE -> causal attention -> o -> optional fused_add_norm_1 -> gate/up -> silu_and_mul -> down -> optional fused_add_norm_2
ok,,2026-04-27T15:03:11.651142Z,70B,128,without_norm,bfloat16,1,1691,20,10,3.0,2.9936804119497538,1.7703609769070099,1.7738759983330965,2914.328449908644,1.7234349201115577,127.09695593368932,123.88087376799409,219043332096.0,270532608.0,219313864704.0,291.0033220338983,295.4,1410.0,1410.0,295,/home/cage/wattserve/results/state_chain_block_sweep/20260427T145456Z/monitor/70B__batch_size=128__without_norm.csv,/home/cage/wattserve/results/state_chain_block_sweep/20260427T145456Z/plots/timeline/70B__batch_size=128.png,/home/cage/wattserve/results/state_chain_block_sweep/20260427T145456Z/kernel_profile/70B__batch_size=128__without_norm.csv,,8192,28672,20,80,64,8,128,8192,1024,10000.0,1e-06,state-chain full block: q/k/v -> RoPE -> causal attention -> o -> optional fused_add_norm_1 -> gate/up -> silu_and_mul -> down -> optional fused_add_norm_2
ok,,2026-04-27T15:03:17.880280Z,70B,128,with_norm,bfloat16,1,1672,20,10,3.0,2.9913101859856397,1.7890611160201195,1.7946392996236682,2888.7798704244196,1.727739156952404,126.78032515184479,122.58601047228487,219043332096.0,270532608.0,219313864704.0,359.32254237288134,367.08,1410.0,1410.0,295,/home/cage/wattserve/results/state_chain_block_sweep/20260427T145456Z/monitor/70B__batch_size=128__with_norm.csv,/home/cage/wattserve/results/state_chain_block_sweep/20260427T145456Z/plots/timeline/70B__batch_size=128.png,/home/cage/wattserve/results/state_chain_block_sweep/20260427T145456Z/kernel_profile/70B__batch_size=128__with_norm.csv,,8192,28672,20,80,64,8,128,8192,1024,10000.0,1e-06,state-chain full block: q/k/v -> RoPE -> causal attention -> o -> optional fused_add_norm_1 -> gate/up -> silu_and_mul -> down -> optional fused_add_norm_2
ok,,2026-04-27T15:03:24.197206Z,70B,256,without_norm,bfloat16,1,1443,20,10,3.0,2.996343403006904,2.0764680547518393,2.07957070088014,2834.707873173058,1.9644545205634498,223.00677343568478,211.49595791517487,438086664192.0,1077936128.0,439164600320.0,387.2695254237288,389.46,1410.0,1410.0,295,/home/cage/wattserve/results/state_chain_block_sweep/20260427T145456Z/monitor/70B__batch_size=256__without_norm.csv,/home/cage/wattserve/results/state_chain_block_sweep/20260427T145456Z/plots/timeline/70B__batch_size=256.png,/home/cage/wattserve/results/state_chain_block_sweep/20260427T145456Z/kernel_profile/70B__batch_size=256__without_norm.csv,,8192,28672,20,80,64,8,128,8192,1024,10000.0,1e-06,state-chain full block: q/k/v -> RoPE -> causal attention -> o -> optional fused_add_norm_1 -> gate/up -> silu_and_mul -> down -> optional fused_add_norm_2
ok,,2026-04-27T15:03:30.424780Z,70B,256,with_norm,bfloat16,1,1353,20,10,3.0,3.014759361045435,2.2282035188805875,2.2177812992595136,2801.9652792289853,2.070927774744261,211.54125679061855,197.09357632673922,438086664192.0,1077936128.0,439164600320.0,395.4422297297297,463.14,1314.070945945946,1410.0,296,/home/cage/wattserve/results/state_chain_block_sweep/20260427T145456Z/monitor/70B__batch_size=256__with_norm.csv,/home/cage/wattserve/results/state_chain_block_sweep/20260427T145456Z/plots/timeline/70B__batch_size=256.png,/home/cage/wattserve/results/state_chain_block_sweep/20260427T145456Z/kernel_profile/70B__batch_size=256__with_norm.csv,,8192,28672,20,80,64,8,128,8192,1024,10000.0,1e-06,state-chain full block: q/k/v -> RoPE -> causal attention -> o -> optional fused_add_norm_1 -> gate/up -> silu_and_mul -> down -> optional fused_add_norm_2
ok,,2026-04-27T15:03:36.681177Z,70B,512,without_norm,bfloat16,1,775,20,10,3.0,2.993853058083914,3.8630362039792443,3.868756804149598,2808.054909978062,3.623296658036209,241.81661372957444,227.92348758757086,876173328384.0,4303355904.0,880476684288.0,377.08230508474577,428.54,1410.0,1410.0,295,/home/cage/wattserve/results/state_chain_block_sweep/20260427T145456Z/monitor/70B__batch_size=512__without_norm.csv,/home/cage/wattserve/results/state_chain_block_sweep/20260427T145456Z/plots/timeline/70B__batch_size=512.png,/home/cage/wattserve/results/state_chain_block_sweep/20260427T145456Z/kernel_profile/70B__batch_size=512__without_norm.csv,,8192,28672,20,80,64,8,128,8192,1024,10000.0,1e-06,state-chain full block: q/k/v -> RoPE -> causal attention -> o -> optional fused_add_norm_1 -> gate/up -> silu_and_mul -> down -> optional fused_add_norm_2
ok,,2026-04-27T15:03:42.888703Z,70B,512,with_norm,bfloat16,1,713,20,10,3.0,2.958620145916939,4.149537371552508,4.208835097961128,2729.24671863392,3.8278355100054977,228.89524016739728,212.1867103364774,876173328384.0,4303355904.0,880476684288.0,399.48318493150686,434.48,1324.5719178082193,1335.0,292,/home/cage/wattserve/results/state_chain_block_sweep/20260427T145456Z/monitor/70B__batch_size=512__with_norm.csv,/home/cage/wattserve/results/state_chain_block_sweep/20260427T145456Z/plots/timeline/70B__batch_size=512.png,/home/cage/wattserve/results/state_chain_block_sweep/20260427T145456Z/kernel_profile/70B__batch_size=512__with_norm.csv,,8192,28672,20,80,64,8,128,8192,1024,10000.0,1e-06,state-chain full block: q/k/v -> RoPE -> causal attention -> o -> optional fused_add_norm_1 -> gate/up -> silu_and_mul -> down -> optional fused_add_norm_2
ok,,2026-04-27T15:03:49.006822Z,70B,1024,without_norm,bfloat16,1,420,20,10,3.0,2.980878618895076,7.097330044988277,7.141187298111618,2764.6636809408665,6.58253257366873,266.2116194878686,249.32520989601562,1752346656768.0,17196646400.0,1769543303168.0,378.3195563139932,382.66,1409.8976109215016,1410.0,293,/home/cage/wattserve/results/state_chain_block_sweep/20260427T145456Z/monitor/70B__batch_size=1024__without_norm.csv,/home/cage/wattserve/results/state_chain_block_sweep/20260427T145456Z/plots/timeline/70B__batch_size=1024.png,/home/cage/wattserve/results/state_chain_block_sweep/20260427T145456Z/kernel_profile/70B__batch_size=1024__without_norm.csv,,8192,28672,20,80,64,8,128,8192,1024,10000.0,1e-06,state-chain full block: q/k/v -> RoPE -> causal attention -> o -> optional fused_add_norm_1 -> gate/up -> silu_and_mul -> down -> optional fused_add_norm_2
ok,,2026-04-27T15:03:55.277055Z,70B,1024,with_norm,bfloat16,1,383,20,10,3.0,2.952005745959468,7.707586804071719,7.8303169924765825,2696.9786257073283,7.041719649366392,248.85209068578504,229.58460905470386,1752346656768.0,17196646400.0,1769543303168.0,397.6857931034483,413.39,1308.5689655172414,1320.0,290,/home/cage/wattserve/results/state_chain_block_sweep/20260427T145456Z/monitor/70B__batch_size=1024__with_norm.csv,/home/cage/wattserve/results/state_chain_block_sweep/20260427T145456Z/plots/timeline/70B__batch_size=1024.png,/home/cage/wattserve/results/state_chain_block_sweep/20260427T145456Z/kernel_profile/70B__batch_size=1024__with_norm.csv,,8192,28672,20,80,64,8,128,8192,1024,10000.0,1e-06,state-chain full block: q/k/v -> RoPE -> causal attention -> o -> optional fused_add_norm_1 -> gate/up -> silu_and_mul -> down -> optional fused_add_norm_2
ok,,2026-04-27T15:04:01.467713Z,70B,2048,without_norm,bfloat16,1,221,20,10,3.0,2.98837006802205,13.522036506887105,13.582406903151423,2726.208222657442,12.335783812929602,284.1078740260184,264.2683550576096,3504693313536.0,68753031168.0,3573446344704.0,384.33459183673466,389.59,1410.0,1410.0,294,/home/cage/wattserve/results/state_chain_block_sweep/20260427T145456Z/monitor/70B__batch_size=2048__without_norm.csv,/home/cage/wattserve/results/state_chain_block_sweep/20260427T145456Z/plots/timeline/70B__batch_size=2048.png,/home/cage/wattserve/results/state_chain_block_sweep/20260427T145456Z/kernel_profile/70B__batch_size=2048__without_norm.csv,,8192,28672,20,80,64,8,128,8192,1024,10000.0,1e-06,state-chain full block: q/k/v -> RoPE -> causal attention -> o -> optional fused_add_norm_1 -> gate/up -> silu_and_mul -> down -> optional fused_add_norm_2
ok,,2026-04-27T15:04:07.915916Z,70B,2048,with_norm,bfloat16,1,201,20,10,3.0,2.990909519023262,14.880146860812248,14.921757800038904,2685.425856232643,13.360327642948473,262.32091062420636,240.1485938364549,3504693313536.0,68753031168.0,3573446344704.0,398.4799661016949,410.23,1294.5254237288136,1305.0,295,/home/cage/wattserve/results/state_chain_block_sweep/20260427T145456Z/monitor/70B__batch_size=2048__with_norm.csv,/home/cage/wattserve/results/state_chain_block_sweep/20260427T145456Z/plots/timeline/70B__batch_size=2048.png,/home/cage/wattserve/results/state_chain_block_sweep/20260427T145456Z/kernel_profile/70B__batch_size=2048__with_norm.csv,,8192,28672,20,80,64,8,128,8192,1024,10000.0,1e-06,state-chain full block: q/k/v -> RoPE -> causal attention -> o -> optional fused_add_norm_1 -> gate/up -> silu_and_mul -> down -> optional fused_add_norm_2
ok,,2026-04-27T15:04:14.388571Z,70B,4096,without_norm,bfloat16,1,109,20,10,3.0,2.9966548490338027,27.492246321411034,27.506019198335707,2675.066592723131,24.541895346083773,285.6090178948021,264.95949285915367,7009386627072.0,274945015808.0,7284331642880.0,382.7571186440678,392.62,1410.0,1410.0,295,/home/cage/wattserve/results/state_chain_block_sweep/20260427T145456Z/monitor/70B__batch_size=4096__without_norm.csv,/home/cage/wattserve/results/state_chain_block_sweep/20260427T145456Z/plots/timeline/70B__batch_size=4096.png,/home/cage/wattserve/results/state_chain_block_sweep/20260427T145456Z/kernel_profile/70B__batch_size=4096__without_norm.csv,,8192,28672,20,80,64,8,128,8192,1024,10000.0,1e-06,state-chain full block: q/k/v -> RoPE -> causal attention -> o -> optional fused_add_norm_1 -> gate/up -> silu_and_mul -> down -> optional fused_add_norm_2
ok,,2026-04-27T15:04:21.280147Z,70B,4096,with_norm,bfloat16,1,98,20,10,3.0,2.972898230073042,30.335696225235125,30.591465102043003,2618.0566433370113,26.714863707520525,262.3777797937551,240.12409633837376,7009386627072.0,274945015808.0,7284331642880.0,396.0259246575343,408.93,1290.1541095890411,1305.0,292,/home/cage/wattserve/results/state_chain_block_sweep/20260427T145456Z/monitor/70B__batch_size=4096__with_norm.csv,/home/cage/wattserve/results/state_chain_block_sweep/20260427T145456Z/plots/timeline/70B__batch_size=4096.png,/home/cage/wattserve/results/state_chain_block_sweep/20260427T145456Z/kernel_profile/70B__batch_size=4096__with_norm.csv,,8192,28672,20,80,64,8,128,8192,1024,10000.0,1e-06,state-chain full block: q/k/v -> RoPE -> causal attention -> o -> optional fused_add_norm_1 -> gate/up -> silu_and_mul -> down -> optional fused_add_norm_2
ok,,2026-04-27T15:04:28.184480Z,70B,8192,without_norm,bfloat16,1,54,20,10,3.0,3.008732671965845,55.717271703071205,55.73307740269229,2566.9218504428864,47.535589823016416,294.91110358235636,271.34169778120446,14018773254144.0,1099645845504.0,15118419099648.0,389.03310810810814,403.62,1410.0,1410.0,296,/home/cage/wattserve/results/state_chain_block_sweep/20260427T145456Z/monitor/70B__batch_size=8192__without_norm.csv,/home/cage/wattserve/results/state_chain_block_sweep/20260427T145456Z/plots/timeline/70B__batch_size=8192.png,/home/cage/wattserve/results/state_chain_block_sweep/20260427T145456Z/kernel_profile/70B__batch_size=8192__without_norm.csv,,8192,28672,20,80,64,8,128,8192,1024,10000.0,1e-06,state-chain full block: q/k/v -> RoPE -> causal attention -> o -> optional fused_add_norm_1 -> gate/up -> silu_and_mul -> down -> optional fused_add_norm_2
ok,,2026-04-27T15:04:35.999659Z,70B,8192,with_norm,bfloat16,1,48,20,10,3.0,2.9729857300408185,61.937202709183715,62.0970748947002,2502.5256997942924,52.13595207904776,268.8887935313609,244.0927009673674,14018773254144.0,1099645845504.0,15118419099648.0,397.25187713310584,421.49,1280.8873720136519,1290.0,293,/home/cage/wattserve/results/state_chain_block_sweep/20260427T145456Z/monitor/70B__batch_size=8192__with_norm.csv,/home/cage/wattserve/results/state_chain_block_sweep/20260427T145456Z/plots/timeline/70B__batch_size=8192.png,/home/cage/wattserve/results/state_chain_block_sweep/20260427T145456Z/kernel_profile/70B__batch_size=8192__with_norm.csv,,8192,28672,20,80,64,8,128,8192,1024,10000.0,1e-06,state-chain full block: q/k/v -> RoPE -> causal attention -> o -> optional fused_add_norm_1 -> gate/up -> silu_and_mul -> down -> optional fused_add_norm_2
ok,,2026-04-27T15:04:43.890201Z,70B,16384,without_norm,bfloat16,1,25,20,10,3.0,3.001700822962448,120.06803291849792,120.07514090510085,2361.189762890339,94.44759051561356,296.85825075286584,270.14568879349787,28037546508288.0,4398314946560.0,32435861454848.0,383.29738983050845,409.2,1410.0,1410.0,295,/home/cage/wattserve/results/state_chain_block_sweep/20260427T145456Z/monitor/70B__batch_size=16384__without_norm.csv,/home/cage/wattserve/results/state_chain_block_sweep/20260427T145456Z/plots/timeline/70B__batch_size=16384.png,/home/cage/wattserve/results/state_chain_block_sweep/20260427T145456Z/kernel_profile/70B__batch_size=16384__without_norm.csv,,8192,28672,20,80,64,8,128,8192,1024,10000.0,1e-06,state-chain full block: q/k/v -> RoPE -> causal attention -> o -> optional fused_add_norm_1 -> gate/up -> silu_and_mul -> down -> optional fused_add_norm_2
ok,,2026-04-27T15:04:53.696079Z,70B,16384,with_norm,bfloat16,1,22,20,10,3.0,2.9410387889947742,133.6835813179443,134.31127100484446,2287.4143995046616,103.97338179566644,269.66081148912474,242.63160169014824,28037546508288.0,4398314946560.0,32435861454848.0,398.3039446366782,440.23,1279.8269896193772,1305.0,289,/home/cage/wattserve/results/state_chain_block_sweep/20260427T145456Z/monitor/70B__batch_size=16384__with_norm.csv,/home/cage/wattserve/results/state_chain_block_sweep/20260427T145456Z/plots/timeline/70B__batch_size=16384.png,/home/cage/wattserve/results/state_chain_block_sweep/20260427T145456Z/kernel_profile/70B__batch_size=16384__with_norm.csv,,8192,28672,20,80,64,8,128,8192,1024,10000.0,1e-06,state-chain full block: q/k/v -> RoPE -> causal attention -> o -> optional fused_add_norm_1 -> gate/up -> silu_and_mul -> down -> optional fused_add_norm_2
ok,,2026-04-27T15:05:03.777636Z,70B,32768,without_norm,bfloat16,1,11,20,10,3.0,3.0664026270387694,278.76387518534267,279.2180265998468,2083.974780678749,189.45225278897718,295.98535879663393,264.266006070278,56075093016576.0,17592722915328.0,73667815931904.0,366.17741721854304,430.14,1404.1390728476822,1410.0,302,/home/cage/wattserve/results/state_chain_block_sweep/20260427T145456Z/monitor/70B__batch_size=32768__without_norm.csv,/home/cage/wattserve/results/state_chain_block_sweep/20260427T145456Z/plots/timeline/70B__batch_size=32768.png,/home/cage/wattserve/results/state_chain_block_sweep/20260427T145456Z/kernel_profile/70B__batch_size=32768__without_norm.csv,,8192,28672,20,80,64,8,128,8192,1024,10000.0,1e-06,state-chain full block: q/k/v -> RoPE -> causal attention -> o -> optional fused_add_norm_1 -> gate/up -> silu_and_mul -> down -> optional fused_add_norm_2
ok,,2026-04-27T15:05:18.716794Z,70B,32768,with_norm,bfloat16,1,10,20,10,3.0,3.0869404170662165,308.69404170662165,308.7938025011681,2079.1065561771393,207.91065561771393,269.70764365094146,238.6434656290413,56075093016576.0,17592722915328.0,73667815931904.0,405.1336513157895,452.74,1277.467105263158,1320.0,304,/home/cage/wattserve/results/state_chain_block_sweep/20260427T145456Z/monitor/70B__batch_size=32768__with_norm.csv,/home/cage/wattserve/results/state_chain_block_sweep/20260427T145456Z/plots/timeline/70B__batch_size=32768.png,/home/cage/wattserve/results/state_chain_block_sweep/20260427T145456Z/kernel_profile/70B__batch_size=32768__with_norm.csv,,8192,28672,20,80,64,8,128,8192,1024,10000.0,1e-06,state-chain full block: q/k/v -> RoPE -> causal attention -> o -> optional fused_add_norm_1 -> gate/up -> silu_and_mul -> down -> optional fused_add_norm_2
